feature,importance
experience_years,0.6389862872079374
certifications_count,0.11935524413396942
education_count,0.11560432591410313
languages_count,0.08945422175082247
volunteer_experience_count,0.036534457399490544
courses_count,6.546359367712835e-05
