feature,importance
experience_years,0.6423283496772868
certifications_count,0.11939817900310926
education_count,0.11560498783963466
languages_count,0.08581967487800134
volunteer_experience_count,0.03680502782466491
courses_count,4.3780777303100796e-05
