feature,importance
experience_years,0.6360390566519767
education_count,0.14311651033987316
certifications_count,0.10118113628754677
languages_count,0.06445156217280708
volunteer_experience_count,0.05519384992978813
courses_count,1.7884618008126194e-05
